account_menu.php,0,0,0,0,0,
account_menu.php,1,1,0,0,0,mypage
account_menu.php,1,1,0,0,0,product_info
account_menu.php,1,1,30,0,0,product_list
account_menu.php,1,1,30,0,0,shopping_cart
account_menu.php,1,1,7,0,0,index
banner_box.php,0,0,0,0,0,mypage
banner_box.php,0,0,300,1,1,
banner_box.php,0,0,300,1,1,index
banner_box.php,0,0,300,1,1,product_info
banner_box.php,0,0,300,1,1,product_list
banner_box.php,0,0,300,1,1,shopping_cart
banner_box2.php,0,0,0,0,0,mypage
banner_box2.php,0,1,15,1,1,
banner_box2.php,0,1,15,1,1,index
banner_box2.php,0,1,15,1,1,product_info
banner_box2.php,0,1,15,1,1,product_list
banner_box2.php,0,1,15,1,1,shopping_cart
banner_box_all.php,0,0,0,0,0,mypage
banner_box_all.php,0,1,5,0,0,
banner_box_all.php,0,1,5,0,0,index
banner_box_all.php,0,1,5,0,0,product_info
banner_box_all.php,0,1,5,0,0,product_list
banner_box_all.php,0,1,5,0,0,shopping_cart
best_sellers.php,0,0,0,0,0,mypage
best_sellers.php,0,1,30,70,1,
best_sellers.php,0,1,30,70,1,index
best_sellers.php,0,1,30,70,1,product_info
best_sellers.php,0,1,30,70,1,product_list
best_sellers.php,0,1,8,0,1,shopping_cart
categories.php,0,0,0,0,0,mypage
categories.php,0,1,10,10,0,
categories.php,0,1,10,10,0,product_info
categories.php,0,1,10,10,0,product_list
categories.php,0,1,10,10,0,shopping_cart
categories.php,1,1,0,10,1,index
currencies.php,0,0,0,0,0,mypage
currencies.php,0,1,80,60,1,
currencies.php,0,1,80,60,1,index
currencies.php,0,1,80,60,1,product_info
currencies.php,0,1,80,60,1,product_list
currencies.php,0,1,80,60,1,shopping_cart
document_categories.php,0,0,0,0,0,
document_categories.php,0,0,0,0,0,index
document_categories.php,0,0,0,0,0,mypage
document_categories.php,0,0,0,0,0,product_info
document_categories.php,0,0,0,0,0,product_list
document_categories.php,0,0,0,0,0,shopping_cart
ezpages.php,0,0,0,0,0,mypage
ezpages.php,0,1,-1,2,1,
ezpages.php,0,1,-1,2,1,index
ezpages.php,0,1,-1,2,1,product_info
ezpages.php,0,1,-1,2,1,product_list
ezpages.php,0,1,-1,2,1,shopping_cart
featured.php,0,0,0,0,0,mypage
featured.php,0,0,45,0,0,
featured.php,0,0,45,0,0,index
featured.php,0,0,45,0,0,product_info
featured.php,0,0,45,0,0,product_list
featured.php,0,0,45,0,0,shopping_cart
information.php,0,0,0,0,0,mypage
information.php,0,1,50,40,0,product_list
information.php,0,1,50,40,1,
information.php,0,1,50,40,1,product_info
information.php,0,1,50,40,1,shopping_cart
information.php,1,1,10,40,1,index
languages.php,0,0,0,0,0,mypage
languages.php,0,1,70,50,1,
languages.php,0,1,70,50,1,index
languages.php,0,1,70,50,1,product_info
languages.php,0,1,70,50,1,product_list
languages.php,0,1,70,50,1,shopping_cart
manufacturer_info.php,0,0,0,0,0,mypage
manufacturer_info.php,0,1,35,95,1,
manufacturer_info.php,0,1,35,95,1,index
manufacturer_info.php,0,1,35,95,1,product_info
manufacturer_info.php,0,1,35,95,1,product_list
manufacturer_info.php,0,1,35,95,1,shopping_cart
manufacturers.php,0,0,0,0,0,mypage
manufacturers.php,0,0,30,20,1,
manufacturers.php,0,0,30,20,1,index
manufacturers.php,0,0,30,20,1,product_info
manufacturers.php,0,0,30,20,1,product_list
manufacturers.php,0,0,30,20,1,shopping_cart
more_information.php,0,0,0,0,0,mypage
more_information.php,0,0,200,200,1,
more_information.php,0,0,200,200,1,index
more_information.php,0,0,200,200,1,product_info
more_information.php,0,0,200,200,1,product_list
more_information.php,0,0,200,200,1,shopping_cart
music_genres.php,0,0,0,0,0,mypage
music_genres.php,0,1,0,0,0,
music_genres.php,0,1,0,0,0,index
music_genres.php,0,1,0,0,0,product_info
music_genres.php,0,1,0,0,0,product_list
music_genres.php,0,1,0,0,0,shopping_cart
order_history.php,0,0,0,0,0,
order_history.php,0,0,0,0,0,index
order_history.php,0,0,0,0,0,mypage
order_history.php,0,0,0,0,0,product_info
order_history.php,0,0,0,0,0,product_list
order_history.php,0,0,0,0,0,shopping_cart
product_notifications.php,0,0,0,0,0,mypage
product_notifications.php,0,1,55,85,1,
product_notifications.php,0,1,55,85,1,index
product_notifications.php,0,1,55,85,1,product_info
product_notifications.php,0,1,55,85,1,product_list
product_notifications.php,0,1,55,85,1,shopping_cart
record_companies.php,0,0,0,0,0,mypage
record_companies.php,0,1,0,0,0,
record_companies.php,0,1,0,0,0,index
record_companies.php,0,1,0,0,0,product_info
record_companies.php,0,1,0,0,0,product_list
record_companies.php,0,1,0,0,0,shopping_cart
reviews.php,0,0,0,0,0,mypage
reviews.php,0,0,40,0,0,
reviews.php,0,0,40,0,0,index
reviews.php,0,0,40,0,0,product_info
reviews.php,0,0,40,0,0,product_list
reviews.php,0,0,40,0,0,shopping_cart
search.php,0,0,0,0,0,mypage
search.php,0,1,10,0,0,
search.php,0,1,10,0,0,product_info
search.php,0,1,20,0,0,shopping_cart
search.php,1,1,11,0,0,product_list
search.php,1,1,5,0,0,index
search_header.php,0,0,0,0,0,index
search_header.php,0,0,0,0,0,mypage
search_header.php,0,0,0,0,1,
search_header.php,0,0,0,0,1,product_info
search_header.php,0,0,0,0,1,product_list
search_header.php,0,1,7,0,1,shopping_cart
shopping_cart.php,0,0,0,0,0,mypage
shopping_cart.php,0,1,20,30,1,
shopping_cart.php,0,1,20,30,1,index
shopping_cart.php,0,1,20,30,1,product_info
shopping_cart.php,0,1,20,30,1,product_list
shopping_cart.php,0,1,20,30,1,shopping_cart
specials.php,0,0,0,0,0,mypage
specials.php,0,1,45,0,0,
specials.php,0,1,45,0,0,index
specials.php,0,1,45,0,0,product_info
specials.php,0,1,45,0,0,product_list
specials.php,0,1,9,0,0,shopping_cart
tell_a_friend.php,0,0,0,0,0,mypage
tell_a_friend.php,0,1,65,0,0,
tell_a_friend.php,0,1,65,0,0,index
tell_a_friend.php,0,1,65,0,0,product_info
tell_a_friend.php,0,1,65,0,0,product_list
tell_a_friend.php,0,1,65,0,0,shopping_cart
whats_new.php,0,0,0,0,0,mypage
whats_new.php,0,0,20,0,0,
whats_new.php,0,0,20,0,0,index
whats_new.php,0,0,20,0,0,product_info
whats_new.php,0,0,20,0,0,product_list
whats_new.php,0,0,20,0,0,shopping_cart
whos_online.php,0,0,0,0,0,mypage
whos_online.php,0,1,200,200,1,
whos_online.php,0,1,200,200,1,index
whos_online.php,0,1,200,200,1,product_info
whos_online.php,0,1,200,200,1,product_list
whos_online.php,0,1,200,200,1,shopping_cart
